Label,SrcIP,SrcPort,DstIP,DstPort,Protocol,Length,Duration
malware,10729101,63831,107251,53,17,78,0.0
malware,107251,53,10729101,63831,17,152,0.328768
malware,10729101,49160,1192878131,80,6,66,0.0
malware,1192878131,80,10729101,49160,6,60,0.298538
malware,10729101,49160,1192878131,80,6,60,0.000268
malware,10729101,49160,1192878131,80,6,351,0.000328
malware,1192878131,80,10729101,49160,6,60,9.9e-05
malware,1192878131,80,10729101,49160,6,1514,2.048775
malware,1192878131,80,10729101,49160,6,1050,1.3e-05
malware,1192878131,80,10729101,49160,6,1514,1e-06
malware,1192878131,80,10729101,49160,6,1514,3e-06
malware,1192878131,80,10729101,49160,6,1514,1e-06
malware,1192878131,80,10729101,49160,6,586,2e-06
malware,1192878131,80,10729101,49160,6,1514,2e-06
malware,10729101,49160,1192878131,80,6,60,0.000247
malware,10729101,49160,1192878131,80,6,60,0.012066
malware,1192878131,80,10729101,49160,6,1514,0.223812
malware,1192878131,80,10729101,49160,6,1050,4.4e-05
malware,1192878131,80,10729101,49160,6,1514,3e-06
malware,1192878131,80,10729101,49160,6,1514,3e-06
malware,1192878131,80,10729101,49160,6,1514,3e-06
malware,1192878131,80,10729101,49160,6,586,2.4e-05
malware,10729101,49160,1192878131,80,6,60,0.000324
malware,1192878131,80,10729101,49160,6,1514,5e-06
malware,10729101,49160,1192878131,80,6,60,0.000276
malware,10729101,49160,1192878131,80,6,60,7e-06
malware,1192878131,80,10729101,49160,6,1514,0.099813
malware,1192878131,80,10729101,49160,6,1050,1.9e-05
malware,10729101,49160,1192878131,80,6,60,0.000258
malware,1192878131,80,10729101,49160,6,1514,0.134704
malware,1192878131,80,10729101,49160,6,1050,2.3e-05
malware,1192878131,80,10729101,49160,6,1514,0.000314
malware,1192878131,80,10729101,49160,6,1514,9e-06
malware,1192878131,80,10729101,49160,6,1514,3e-06
malware,10729101,49160,1192878131,80,6,60,3e-06
malware,1192878131,80,10729101,49160,6,1514,2e-06
malware,1192878131,80,10729101,49160,6,1514,2e-06
malware,1192878131,80,10729101,49160,6,1514,2e-06
malware,10729101,49160,1192878131,80,6,60,0.000186
malware,10729101,49160,1192878131,80,6,60,6e-06
malware,1192878131,80,10729101,49160,6,1514,0.001072
malware,1192878131,80,10729101,49160,6,1050,1.9e-05
malware,1192878131,80,10729101,49160,6,1514,0.000372
malware,1192878131,80,10729101,49160,6,1514,1.4e-05
malware,1192878131,80,10729101,49160,6,1514,4e-06
malware,1192878131,80,10729101,49160,6,1514,3e-06
malware,1192878131,80,10729101,49160,6,1514,3e-06
malware,1192878131,80,10729101,49160,6,1514,3e-06
malware,1192878131,80,10729101,49160,6,1514,2e-06
malware,10729101,49160,1192878131,80,6,60,0.000432
malware,10729101,49160,1192878131,80,6,60,0.000114
malware,1192878131,80,10729101,49160,6,1514,0.097248
malware,1192878131,80,10729101,49160,6,1514,4.4e-05
malware,1192878131,80,10729101,49160,6,1514,2e-06
malware,1192878131,80,10729101,49160,6,586,3e-06
malware,10729101,49160,1192878131,80,6,60,0.000263
malware,1192878131,80,10729101,49160,6,1514,0.134724
malware,1192878131,80,10729101,49160,6,1050,0.000112
malware,1192878131,80,10729101,49160,6,1514,2.1e-05
malware,1192878131,80,10729101,49160,6,1514,3e-06
malware,1192878131,80,10729101,49160,6,1514,2e-06
malware,1192878131,80,10729101,49160,6,586,3e-06
malware,1192878131,80,10729101,49160,6,1514,2e-06
malware,10729101,49160,1192878131,80,6,60,0.000359
malware,1192878131,80,10729101,49160,6,1514,0.000838
malware,1192878131,80,10729101,49160,6,1050,1.1e-05
malware,1192878131,80,10729101,49160,6,1514,3e-06
malware,1192878131,80,10729101,49160,6,1050,2e-06
malware,1192878131,80,10729101,49160,6,1514,2e-06
malware,1192878131,80,10729101,49160,6,1050,3e-06
malware,1192878131,80,10729101,49160,6,1514,2e-06
malware,10729101,49160,1192878131,80,6,60,0.000526
malware,10729101,49160,1192878131,80,6,60,8.5e-05
malware,10729101,49160,1192878131,80,6,60,9.3e-05
malware,1192878131,80,10729101,49160,6,1514,0.001213
malware,1192878131,80,10729101,49160,6,1050,7e-06
malware,1192878131,80,10729101,49160,6,1514,3e-06
malware,1192878131,80,10729101,49160,6,1050,1e-06
malware,1192878131,80,10729101,49160,6,1514,2e-06
malware,1192878131,80,10729101,49160,6,1050,2e-06
malware,1192878131,80,10729101,49160,6,1514,0.000235
malware,10729101,49160,1192878131,80,6,60,8e-06
malware,1192878131,80,10729101,49160,6,1514,1.8e-05
malware,1192878131,80,10729101,49160,6,1514,3e-06
malware,1192878131,80,10729101,49160,6,1514,2e-06
malware,1192878131,80,10729101,49160,6,354,1e-06
malware,10729101,49160,1192878131,80,6,60,0.000175
malware,10729101,49160,1192878131,80,6,60,8e-05
malware,1192878131,80,10729101,49160,6,1282,0.000127
malware,10729101,49160,1192878131,80,6,60,0.000123
malware,1192878131,80,10729101,49160,6,1282,0.000516
malware,1192878131,80,10729101,49160,6,1514,0.00026
malware,1192878131,80,10729101,49160,6,1514,8e-06
malware,10729101,49160,1192878131,80,6,60,3e-06
malware,1192878131,80,10729101,49160,6,1514,2e-06
malware,1192878131,80,10729101,49160,6,586,2e-06
malware,1192878131,80,10729101,49160,6,1514,1e-06
malware,1192878131,80,10729101,49160,6,1050,2e-06
malware,1192878131,80,10729101,49160,6,1514,0.000309
malware,1192878131,80,10729101,49160,6,1514,5e-06
malware,1192878131,80,10729101,49160,6,1514,1e-06
malware,1192878131,80,10729101,49160,6,1514,1e-06
malware,1192878131,80,10729101,49160,6,1514,2e-06
malware,1192878131,80,10729101,49160,6,1514,1e-06
malware,1192878131,80,10729101,49160,6,1514,2e-06
malware,10729101,49160,1192878131,80,6,60,9.4e-05
malware,10729101,49160,1192878131,80,6,60,6.6e-05
malware,1192878131,80,10729101,49160,6,1514,0.26981
malware,1192878131,80,10729101,49160,6,1050,2e-05
malware,1192878131,80,10729101,49160,6,1514,2e-06
malware,1192878131,80,10729101,49160,6,1514,2e-06
malware,1192878131,80,10729101,49160,6,1514,3e-06
malware,1192878131,80,10729101,49160,6,1514,2e-06
malware,1192878131,80,10729101,49160,6,1514,3e-06
malware,1192878131,80,10729101,49160,6,1514,0.000473
malware,1192878131,80,10729101,49160,6,1514,9e-06
malware,1192878131,80,10729101,49160,6,818,3e-06
malware,10729101,49160,1192878131,80,6,60,0.000264
malware,1192878131,80,10729101,49160,6,1514,7e-06
malware,1192878131,80,10729101,49160,6,1514,2e-06
malware,1192878131,80,10729101,49160,6,1514,2e-06
malware,1192878131,80,10729101,49160,6,1514,2e-06
malware,1192878131,80,10729101,49160,6,1514,2e-06
malware,1192878131,80,10729101,49160,6,1514,5e-06
malware,1192878131,80,10729101,49160,6,122,0.000235
malware,10729101,49160,1192878131,80,6,60,9.4e-05
malware,1192878131,80,10729101,49160,6,1514,0.000152
malware,1192878131,80,10729101,49160,6,1514,5e-06
malware,1192878131,80,10729101,49160,6,1514,2e-06
malware,1192878131,80,10729101,49160,6,1514,2e-06
malware,1192878131,80,10729101,49160,6,1514,2e-06
malware,1192878131,80,10729101,49160,6,1514,2e-06
malware,10729101,49160,1192878131,80,6,60,0.000262
malware,10729101,49160,1192878131,80,6,60,0.000115
malware,1192878131,80,10729101,49160,6,1282,0.24516
malware,1192878131,80,10729101,49160,6,1514,1.5e-05
malware,1192878131,80,10729101,49160,6,1050,3e-06
malware,1192878131,80,10729101,49160,6,1514,2e-06
malware,1192878131,80,10729101,49160,6,1502,2e-06
malware,10729101,49160,1192878131,80,6,60,0.000268
malware,1192878131,80,10729101,49160,6,1514,0.059696
malware,1192878131,80,10729101,49160,6,1050,1.8e-05
malware,10729101,49160,1192878131,80,6,60,0.000284
malware,1192878131,80,10729101,49160,6,1514,0.175069
malware,1192878131,80,10729101,49160,6,1050,2e-05
malware,1192878131,80,10729101,49160,6,1514,2e-06
malware,1192878131,80,10729101,49160,6,1514,2e-06
malware,1192878131,80,10729101,49160,6,818,2e-06
malware,10729101,49160,1192878131,80,6,60,0.000345
malware,1192878131,80,10729101,49160,6,1514,0.000406
malware,1192878131,80,10729101,49160,6,1050,1.2e-05
malware,1192878131,80,10729101,49160,6,1514,7.5e-05
malware,1192878131,80,10729101,49160,6,1514,5e-06
malware,1192878131,80,10729101,49160,6,1514,2e-06
malware,1192878131,80,10729101,49160,6,586,2e-06
malware,1192878131,80,10729101,49160,6,1514,8.6e-05
malware,1192878131,80,10729101,49160,6,1514,0.000186
malware,1192878131,80,10729101,49160,6,1514,9e-06
malware,1192878131,80,10729101,49160,6,1514,3e-06
malware,1192878131,80,10729101,49160,6,586,4e-06
malware,10729101,49160,1192878131,80,6,60,0.000168
malware,1192878131,80,10729101,49160,6,1514,0.000337
malware,1192878131,80,10729101,49160,6,1514,8e-06
malware,1192878131,80,10729101,49160,6,1514,2e-06
malware,10729101,49160,1192878131,80,6,60,3e-06
malware,1192878131,80,10729101,49160,6,1514,1e-06
malware,1192878131,80,10729101,49160,6,1514,2e-06
malware,1192878131,80,10729101,49160,6,1514,2e-06
malware,10729101,49160,1192878131,80,6,60,0.000485
malware,10729101,49160,1192878131,80,6,60,7.9e-05
malware,1192878131,80,10729101,49160,6,1514,0.234925
malware,1192878131,80,10729101,49160,6,1050,1.8e-05
malware,10729101,49160,1192878131,80,6,60,0.00022
malware,1192878131,80,10729101,49160,6,1514,0.624829
malware,1192878131,80,10729101,49160,6,1514,2e-05
malware,1192878131,80,10729101,49160,6,1514,3e-06
malware,1192878131,80,10729101,49160,6,1514,2e-06
malware,1192878131,80,10729101,49160,6,1514,3e-06
malware,1192878131,80,10729101,49160,6,1514,2e-06
malware,1192878131,80,10729101,49160,6,1514,3e-06
malware,1192878131,80,10729101,49160,6,1514,0.000585
malware,1192878131,80,10729101,49160,6,1514,8e-06
malware,1192878131,80,10729101,49160,6,1514,2e-06
malware,1192878131,80,10729101,49160,6,1514,1e-06
malware,1192878131,80,10729101,49160,6,1514,2e-06
malware,1192878131,80,10729101,49160,6,1514,1e-06
malware,1192878131,80,10729101,49160,6,1514,2e-06
malware,10729101,49160,1192878131,80,6,60,0.000331
malware,1192878131,80,10729101,49160,6,963,6e-06
malware,10729101,49160,1192878131,80,6,60,0.000275
malware,1192878131,80,10729101,49160,6,1514,0.000232
malware,1192878131,80,10729101,49160,6,1514,1.2e-05
malware,1192878131,80,10729101,49160,6,1514,2e-06
malware,1192878131,80,10729101,49160,6,1514,2e-06
malware,1192878131,80,10729101,49160,6,1514,2e-06
malware,1192878131,80,10729101,49160,6,1350,1e-06
malware,10729101,49160,1192878131,80,6,60,6.8e-05
malware,1192878131,80,10729101,49160,6,770,0.000388
malware,10729101,49160,1192878131,80,6,60,7e-06
malware,1192878131,80,10729101,49160,6,566,1e-06
malware,10729101,49160,1192878131,80,6,60,8.3e-05
malware,1192878131,80,10729101,49160,6,1514,0.468164
malware,1192878131,80,10729101,49160,6,1514,1.9e-05
malware,1192878131,80,10729101,49160,6,1514,2e-06
malware,1192878131,80,10729101,49160,6,1514,3e-06
malware,1192878131,80,10729101,49160,6,1514,2e-06
malware,1192878131,80,10729101,49160,6,1514,2e-06
malware,1192878131,80,10729101,49160,6,1514,3e-06
malware,10729101,49160,1192878131,80,6,60,0.000355
malware,10729101,49160,1192878131,80,6,60,0.000247
malware,1192878131,80,10729101,49160,6,1514,0.000201
malware,1192878131,80,10729101,49160,6,1050,1.2e-05
malware,1192878131,80,10729101,49160,6,1514,0.000136
malware,1192878131,80,10729101,49160,6,1514,5e-06
malware,1192878131,80,10729101,49160,6,1514,2e-06
malware,1192878131,80,10729101,49160,6,1514,2e-06
malware,1192878131,80,10729101,49160,6,1514,1e-06
malware,10729101,49160,1192878131,80,6,60,0.000538
malware,10729101,49160,1192878131,80,6,60,0.000414
malware,10729101,49160,1192878131,80,6,60,0.088903
malware,1091101,49259,19216322042,80,6,66,0.0
malware,19216322042,80,1091101,49259,6,60,0.286859
malware,1091101,49259,19216322042,80,6,60,0.000157
malware,1091101,49259,19216322042,80,6,300,0.000323
malware,19216322042,80,1091101,49259,6,60,1.1e-05
malware,19216322042,80,1091101,49259,6,1514,2.989667
malware,19216322042,80,1091101,49259,6,1308,2e-05
malware,1091101,49259,19216322042,80,6,60,0.000172
malware,19216322042,80,1091101,49259,6,1411,0.002266
malware,19216322042,80,1091101,49259,6,1411,3.6e-05
malware,19216322042,80,1091101,49259,6,1514,6.6e-05
malware,19216322042,80,1091101,49259,6,1308,2e-05
malware,1091101,49259,19216322042,80,6,60,0.000139
malware,19216322042,80,1091101,49259,6,1411,4e-06
malware,19216322042,80,1091101,49259,6,1411,6e-06
malware,1091101,49259,19216322042,80,6,60,0.000365
malware,1091101,49259,19216322042,80,6,60,0.001939
malware,19216322042,80,1091101,49259,6,1411,0.31797
malware,19216322042,80,1091101,49259,6,1411,9.6e-05
malware,1091101,49259,19216322042,80,6,60,0.00011
malware,19216322042,80,1091101,49259,6,1411,0.002187
malware,19216322042,80,1091101,49259,6,1411,0.000198
malware,1091101,49259,19216322042,80,6,60,9e-06
malware,19216322042,80,1091101,49259,6,1411,6e-06
malware,19216322042,80,1091101,49259,6,1411,0.000111
malware,19216322042,80,1091101,49259,6,1411,8.5e-05
malware,19216322042,80,1091101,49259,6,1411,7.4e-05
malware,1091101,49259,19216322042,80,6,60,6.9e-05
malware,19216322042,80,1091101,49259,6,1411,5e-06
malware,1091101,49259,19216322042,80,6,60,0.000107
malware,19216322042,80,1091101,49259,6,1411,0.00011
malware,1091101,49259,19216322042,80,6,60,0.000119
malware,19216322042,80,1091101,49259,6,1411,1.1e-05
malware,1091101,49259,19216322042,80,6,60,0.000102
malware,19216322042,80,1091101,49259,6,1411,0.000264
malware,19216322042,80,1091101,49259,6,1411,0.000205
malware,1091101,49259,19216322042,80,6,60,1.2e-05
malware,19216322042,80,1091101,49259,6,1411,2e-06
malware,1091101,49259,19216322042,80,6,60,3e-06
malware,1091101,49259,19216322042,80,6,60,0.000171
malware,19216322042,80,1091101,49259,6,1514,0.061579
malware,19216322042,80,1091101,49259,6,1308,2.7e-05
malware,1091101,49259,19216322042,80,6,60,0.000258
malware,19216322042,80,1091101,49259,6,1411,0.225136
malware,19216322042,80,1091101,49259,6,1411,1.8e-05
malware,19216322042,80,1091101,49259,6,1411,0.000319
malware,1091101,49259,19216322042,80,6,60,9e-06
malware,1091101,49259,19216322042,80,6,60,0.000131
malware,19216322042,80,1091101,49259,6,1411,0.002063
malware,19216322042,80,1091101,49259,6,1411,1.9e-05
malware,1091101,49259,19216322042,80,6,60,8e-05
malware,1091101,49259,19216322042,80,6,60,0.000107
malware,19216322042,80,1091101,49259,6,1411,0.000996
malware,19216322042,80,1091101,49259,6,1411,6.6e-05
malware,19216322042,80,1091101,49259,6,1514,7e-06
malware,19216322042,80,1091101,49259,6,1308,6.7e-05
malware,19216322042,80,1091101,49259,6,1411,6e-06
malware,19216322042,80,1091101,49259,6,1514,0.000132
malware,19216322042,80,1091101,49259,6,1308,7e-06
malware,19216322042,80,1091101,49259,6,1411,0.000448
malware,19216322042,80,1091101,49259,6,1411,0.000184
malware,1091101,49259,19216322042,80,6,60,1.3e-05
malware,1091101,49259,19216322042,80,6,60,8.9e-05
malware,19216322042,80,1091101,49259,6,1411,0.000223
malware,19216322042,80,1091101,49259,6,1411,9.8e-05
malware,1091101,49259,19216322042,80,6,60,5.3e-05
malware,1091101,49259,19216322042,80,6,60,0.000112
malware,19216322042,80,1091101,49259,6,1514,0.000171
malware,19216322042,80,1091101,49259,6,1308,8e-06
malware,19216322042,80,1091101,49259,6,1411,0.000135
malware,19216322042,80,1091101,49259,6,1411,7e-06
malware,1091101,49259,19216322042,80,6,60,7e-06
malware,1091101,49259,19216322042,80,6,60,0.000109
malware,19216322042,80,1091101,49259,6,1411,0.000353
malware,19216322042,80,1091101,49259,6,1514,8e-06
malware,19216322042,80,1091101,49259,6,1308,6e-06
malware,1091101,49259,19216322042,80,6,60,0.000154
malware,19216322042,80,1091101,49259,6,1411,8.7e-05
malware,1091101,49259,19216322042,80,6,60,0.000149
malware,19216322042,80,1091101,49259,6,1411,0.060867
malware,19216322042,80,1091101,49259,6,1411,0.000162
malware,1091101,49259,19216322042,80,6,60,6.5e-05
malware,1091101,49259,19216322042,80,6,60,5.6e-05
malware,19216322042,80,1091101,49259,6,1514,0.217912
malware,19216322042,80,1091101,49259,6,1308,2.9e-05
malware,1091101,49259,19216322042,80,6,60,0.000271
malware,19216322042,80,1091101,49259,6,1514,0.010064
malware,19216322042,80,1091101,49259,6,1308,1.4e-05
malware,1091101,49259,19216322042,80,6,60,0.000389
malware,19216322042,80,1091101,49259,6,1411,0.001031
malware,19216322042,80,1091101,49259,6,1514,0.000138
malware,19216322042,80,1091101,49259,6,1308,9e-06
malware,19216322042,80,1091101,49259,6,1411,4e-06
malware,19216322042,80,1091101,49259,6,1411,4.7e-05
malware,19216322042,80,1091101,49259,6,1411,7e-06
malware,19216322042,80,1091101,49259,6,1411,8.1e-05
malware,19216322042,80,1091101,49259,6,1411,0.000434
malware,19216322042,80,1091101,49259,6,1411,1.1e-05
malware,19216322042,80,1091101,49259,6,1411,0.000892
malware,19216322042,80,1091101,49259,6,1411,1.2e-05
malware,19216322042,80,1091101,49259,6,1411,0.000207
malware,19216322042,80,1091101,49259,6,1411,1.2e-05
malware,19216322042,80,1091101,49259,6,1411,5e-06
malware,19216322042,80,1091101,49259,6,1411,0.000112
malware,19216322042,80,1091101,49259,6,1411,6e-06
malware,1091101,49259,19216322042,80,6,60,4.9e-05
malware,19216322042,80,1091101,49259,6,1411,6e-06
malware,1091101,49259,19216322042,80,6,60,0.000771
malware,19216322042,80,1091101,49259,6,1514,0.003775
malware,19216322042,80,1091101,49259,6,1308,2.4e-05
malware,19216322042,80,1091101,49259,6,1411,3e-06
malware,19216322042,80,1091101,49259,6,1411,8e-06
malware,1091101,49259,19216322042,80,6,60,0.000162
malware,19216322042,80,1091101,49259,6,1411,0.000214
malware,1091101,49259,19216322042,80,6,60,7.1e-05
malware,19216322042,80,1091101,49259,6,1411,0.00038
malware,19216322042,80,1091101,49259,6,1411,9e-06
malware,19216322042,80,1091101,49259,6,1411,2e-06
malware,1091101,49259,19216322042,80,6,60,0.000165
malware,19216322042,80,1091101,49259,6,1411,0.078322
malware,19216322042,80,1091101,49259,6,1411,2.1e-05
malware,1091101,49259,19216322042,80,6,60,0.000169
malware,19216322042,80,1091101,49259,6,1514,0.206025
malware,19216322042,80,1091101,49259,6,1308,2.1e-05
malware,1091101,49259,19216322042,80,6,60,0.000338
malware,19216322042,80,1091101,49259,6,1411,0.00012
malware,1091101,49259,19216322042,80,6,60,0.000189
malware,19216322042,80,1091101,49259,6,1411,6e-06
malware,1091101,49259,19216322042,80,6,60,0.000118
malware,19216322042,80,1091101,49259,6,1411,0.004593
malware,1091101,49259,19216322042,80,6,60,0.000232
malware,19216322042,80,1091101,49259,6,1411,0.000106
malware,19216322042,80,1091101,49259,6,1411,0.000167
malware,1091101,49259,19216322042,80,6,60,7e-06
malware,1091101,49259,19216322042,80,6,60,0.000202
malware,19216322042,80,1091101,49259,6,1411,8e-06
malware,1091101,49259,19216322042,80,6,60,0.000168
malware,19216322042,80,1091101,49259,6,1514,4e-06
malware,19216322042,80,1091101,49259,6,1308,5e-06
malware,1091101,49259,19216322042,80,6,60,0.000164
malware,19216322042,80,1091101,49259,6,1411,0.000578
malware,19216322042,80,1091101,49259,6,1411,1e-05
malware,1091101,49259,19216322042,80,6,60,0.000178
malware,19216322042,80,1091101,49259,6,1514,6e-06
malware,19216322042,80,1091101,49259,6,1308,6e-06
malware,19216322042,80,1091101,49259,6,1411,0.000153
malware,19216322042,80,1091101,49259,6,1411,5e-05
malware,19216322042,80,1091101,49259,6,1411,7e-06
malware,1091101,49259,19216322042,80,6,60,9.1e-05
malware,1091101,49259,19216322042,80,6,60,0.000153
malware,19216322042,80,1091101,49259,6,1514,0.000829
malware,19216322042,80,1091101,49259,6,1514,1.1e-05
malware,19216322042,80,1091101,49259,6,1205,7e-06
malware,19216322042,80,1091101,49259,6,1514,4e-06
malware,19216322042,80,1091101,49259,6,1514,6e-06
malware,19216322042,80,1091101,49259,6,1205,5e-06
malware,19216322042,80,1091101,49259,6,1514,5e-06
malware,1091101,49259,19216322042,80,6,60,0.000958
malware,1091101,49308,19416516203,80,6,66,0.0
malware,1091101,49309,19416516203,80,6,66,0.0
malware,19416516203,80,1091101,49309,6,60,0.213181
malware,1091101,49309,19416516203,80,6,60,0.000181
malware,19416516203,80,1091101,49308,6,60,0.213646
malware,1091101,49308,19416516203,80,6,60,0.00017
malware,1091101,49309,19416516203,80,6,436,0.000438
malware,19416516203,80,1091101,49309,6,60,0.000175
malware,19416516203,80,1091101,49309,6,1514,0.21338
malware,19416516203,80,1091101,49309,6,1308,2.7e-05
malware,19416516203,80,1091101,49309,6,1411,0.000112
malware,1091101,49309,19416516203,80,6,60,0.000154
malware,1091101,49309,19416516203,80,6,60,6e-06
malware,19416516203,80,1091101,49309,6,1411,8e-05
malware,19416516203,80,1091101,49309,6,566,6e-06
malware,19416516203,80,1091101,49309,6,60,7.7e-05
malware,1091101,49309,19416516203,80,6,60,7.4e-05
malware,1091101,49309,19416516203,80,6,60,0.000814
malware,19416516203,80,1091101,49309,6,60,6.1e-05
malware,1091101,49308,19416516203,80,6,447,0.777567
malware,19416516203,80,1091101,49308,6,60,0.000125
malware,19416516203,80,1091101,49308,6,962,0.210565
malware,1091101,49308,19416516203,80,6,60,0.000981
malware,1091101,49308,19416516203,80,6,60,7.6e-05
malware,19416516203,80,1091101,49308,6,60,4e-06
malware,1091101,49315,1851412737,80,6,66,0.0
malware,1851412737,80,1091101,49315,6,60,0.153828
malware,1091101,49315,1851412737,80,6,60,5.8e-05
malware,1091101,49315,1851412737,80,6,500,4.4e-05
malware,1851412737,80,1091101,49315,6,60,5.4e-05
malware,1851412737,80,1091101,49315,6,1411,0.458701
malware,1091101,49315,1851412737,80,6,60,0.000306
malware,1851412737,80,1091101,49315,6,1006,0.000105
malware,1091101,49315,1851412737,80,6,60,0.000392
malware,1091101,49315,1851412737,80,6,688,0.009732
malware,1851412737,80,1091101,49315,6,60,5.8e-05
malware,1851412737,80,1091101,49315,6,1411,0.580447
malware,1091101,49315,1851412737,80,6,60,0.000359
malware,1851412737,80,1091101,49315,6,1514,0.000291
malware,1851412737,80,1091101,49315,6,1308,9e-06
malware,1091101,49315,1851412737,80,6,60,0.000228
malware,1851412737,80,1091101,49315,6,1514,0.001173
malware,1851412737,80,1091101,49315,6,1308,6.2e-05
malware,1851412737,80,1091101,49315,6,1411,5e-06
malware,1851412737,80,1091101,49315,6,1514,0.000147
malware,1851412737,80,1091101,49315,6,1308,7e-06
malware,1091101,49315,1851412737,80,6,60,9.4e-05
malware,1851412737,80,1091101,49315,6,1514,5e-06
malware,1851412737,80,1091101,49315,6,1308,5e-06
malware,1091101,49315,1851412737,80,6,60,0.000107
malware,1851412737,80,1091101,49315,6,1411,0.152587
malware,1851412737,80,1091101,49315,6,1411,0.000125
malware,1851412737,80,1091101,49315,6,1411,0.00041
malware,1091101,49315,1851412737,80,6,60,9e-06
malware,1091101,49315,1851412737,80,6,60,9.9e-05
malware,1851412737,80,1091101,49315,6,1411,7.1e-05
malware,1091101,49315,1851412737,80,6,60,0.003916
malware,1851412737,80,1091101,49315,6,1411,0.005423
malware,1091101,49315,1851412737,80,6,60,0.000137
malware,1851412737,80,1091101,49315,6,1514,0.000706
malware,1851412737,80,1091101,49315,6,1308,9e-06
malware,1851412737,80,1091101,49315,6,1411,0.000165
malware,1091101,49315,1851412737,80,6,60,1.5e-05
malware,1851412737,80,1091101,49315,6,1411,3e-06
malware,1091101,49315,1851412737,80,6,60,0.000127
malware,1851412737,80,1091101,49315,6,1411,0.001271
malware,1851412737,80,1091101,49315,6,1514,9e-06
malware,1851412737,80,1091101,49315,6,1308,6e-06
malware,1091101,49315,1851412737,80,6,60,4e-06
malware,1851412737,80,1091101,49315,6,1411,4e-06
malware,1091101,49315,1851412737,80,6,60,6.6e-05
malware,1851412737,80,1091101,49315,6,1514,6.9e-05
malware,1091101,49315,1851412737,80,6,60,0.000131
malware,1851412737,80,1091101,49315,6,1514,6e-06
malware,1851412737,80,1091101,49315,6,1514,0.000204
malware,1851412737,80,1091101,49315,6,1308,4e-06
malware,1091101,49315,1851412737,80,6,60,4e-06
malware,1091101,49315,1851412737,80,6,60,2e-06
malware,1851412737,80,1091101,49315,6,1411,0.137516
malware,1091101,49315,1851412737,80,6,60,0.000115
malware,1851412737,80,1091101,49315,6,1411,7.2e-05
malware,1091101,49315,1851412737,80,6,60,0.000189
malware,1851412737,80,1091101,49315,6,1411,1.1e-05
malware,1091101,49315,1851412737,80,6,60,0.000125
malware,1851412737,80,1091101,49315,6,1411,6.5e-05
malware,1091101,49315,1851412737,80,6,60,0.001851
malware,1851412737,80,1091101,49315,6,219,0.006635
malware,1091101,49315,1851412737,80,6,60,8.7e-05
malware,1091101,49315,1851412737,80,6,476,0.310128
malware,1851412737,80,1091101,49315,6,60,5.4e-05
malware,1851412737,80,1091101,49315,6,1514,3.023397
malware,1851412737,80,1091101,49315,6,1308,1.8e-05
malware,1851412737,80,1091101,49315,6,1411,6e-06
malware,1851412737,80,1091101,49315,6,1411,2e-06
malware,1091101,49315,1851412737,80,6,60,0.000116
malware,1851412737,80,1091101,49315,6,1514,3e-06
malware,1851412737,80,1091101,49315,6,1514,4e-06
malware,1091101,49315,1851412737,80,6,60,0.000138
malware,1851412737,80,1091101,49315,6,1411,3e-06
malware,1851412737,80,1091101,49315,6,1514,0.000433
malware,1091101,49315,1851412737,80,6,60,0.00026
malware,1091101,49315,1851412737,80,6,60,0.000853
malware,1851412737,80,1091101,49315,6,1411,0.155823
malware,1851412737,80,1091101,49315,6,1411,2.8e-05
malware,1091101,49315,1851412737,80,6,60,0.000129
malware,1851412737,80,1091101,49315,6,1514,0.000377
malware,1851412737,80,1091101,49315,6,1308,7e-06
malware,1091101,49315,1851412737,80,6,60,0.000121
malware,1851412737,80,1091101,49315,6,1411,0.000283
malware,1091101,49315,1851412737,80,6,60,0.000167
malware,1851412737,80,1091101,49315,6,1411,0.000689
malware,1851412737,80,1091101,49315,6,1514,4e-05
malware,1851412737,80,1091101,49315,6,1308,5e-06
malware,1851412737,80,1091101,49315,6,1514,4e-06
malware,1851412737,80,1091101,49315,6,1308,2e-06
malware,1851412737,80,1091101,49315,6,1411,4e-06
malware,1851412737,80,1091101,49315,6,1411,2e-06
malware,1091101,49315,1851412737,80,6,60,0.000183
malware,1851412737,80,1091101,49315,6,1411,0.000361
malware,1851412737,80,1091101,49315,6,1411,6.4e-05
malware,1851412737,80,1091101,49315,6,1411,2e-05
malware,1091101,49315,1851412737,80,6,60,0.000102
malware,1851412737,80,1091101,49315,6,1514,0.000208
malware,1851412737,80,1091101,49315,6,1514,5e-06
malware,1851412737,80,1091101,49315,6,1205,5e-06
malware,1851412737,80,1091101,49315,6,1411,2e-06
malware,1851412737,80,1091101,49315,6,1411,2e-06
malware,1091101,49315,1851412737,80,6,60,0.000145
malware,1851412737,80,1091101,49315,6,1411,0.157545
malware,1091101,49315,1851412737,80,6,60,0.000136
malware,1851412737,80,1091101,49315,6,1411,0.000304
malware,1091101,49315,1851412737,80,6,60,0.000134
malware,1851412737,80,1091101,49315,6,1514,0.000466
malware,1851412737,80,1091101,49315,6,1308,8e-06
malware,1851412737,80,1091101,49315,6,1514,0.000195
malware,1851412737,80,1091101,49315,6,1308,4.7e-05
malware,1091101,49315,1851412737,80,6,60,6e-06
malware,1851412737,80,1091101,49315,6,1411,7e-06
malware,1851412737,80,1091101,49315,6,1411,3e-06
malware,1091101,49315,1851412737,80,6,60,2e-06
malware,1091101,49315,1851412737,80,6,60,0.000166
malware,1851412737,80,1091101,49315,6,1514,0.001437
malware,1851412737,80,1091101,49315,6,1308,6.2e-05
malware,1851412737,80,1091101,49315,6,1411,6e-06
malware,1851412737,80,1091101,49315,6,1514,0.00013
malware,1091101,49315,1851412737,80,6,60,7e-06
malware,1851412737,80,1091101,49315,6,1308,5e-06
malware,1851412737,80,1091101,49315,6,1514,3e-06
malware,1851412737,80,1091101,49315,6,1514,0.000368
malware,1091101,49315,1851412737,80,6,60,0.000712
malware,1851412737,80,1091101,49315,6,1514,0.000184
malware,1851412737,80,1091101,49315,6,1308,7e-06
malware,1851412737,80,1091101,49315,6,1514,0.00011
malware,1851412737,80,1091101,49315,6,1308,8e-06
malware,1091101,49315,1851412737,80,6,60,0.000147
malware,1851412737,80,1091101,49315,6,1514,5e-06
malware,1851412737,80,1091101,49315,6,1514,7e-06
malware,1851412737,80,1091101,49315,6,1205,3e-06
malware,1091101,49315,1851412737,80,6,60,4e-06
malware,1091101,49315,1851412737,80,6,60,0.000155
malware,1851412737,80,1091101,49315,6,1411,7e-06
malware,1851412737,80,1091101,49315,6,1411,0.000115
malware,1091101,49315,1851412737,80,6,60,8e-06
malware,1091101,49315,1851412737,80,6,60,6.7e-05
malware,1091101,49315,1851412737,80,6,60,0.000217
malware,1851412737,80,1091101,49315,6,1411,0.149006
malware,1851412737,80,1091101,49315,6,1411,1.8e-05
malware,1091101,49315,1851412737,80,6,60,0.000107
malware,1851412737,80,1091101,49315,6,1411,0.016556
malware,1851412737,80,1091101,49315,6,1411,0.000185
malware,1091101,49315,1851412737,80,6,60,1.1e-05
malware,1091101,49315,1851412737,80,6,60,9.5e-05
malware,1851412737,80,1091101,49315,6,1411,0.000685
malware,1851412737,80,1091101,49315,6,1411,0.000175
malware,1091101,49315,1851412737,80,6,60,6e-06
malware,1851412737,80,1091101,49315,6,1514,7e-06
malware,1851412737,80,1091101,49315,6,1514,3e-06
malware,1851412737,80,1091101,49315,6,1205,4e-06
malware,1851412737,80,1091101,49315,6,1514,8.2e-05
malware,1091101,49315,1851412737,80,6,60,0.000225
malware,1851412737,80,1091101,49315,6,1411,9.7e-05
malware,1851412737,80,1091101,49315,6,1514,0.000177
malware,1851412737,80,1091101,49315,6,1308,8e-06
malware,1091101,49315,1851412737,80,6,60,7e-06
malware,1091101,49315,1851412737,80,6,60,2e-06
malware,1851412737,80,1091101,49315,6,1411,4e-06
malware,1851412737,80,1091101,49315,6,1514,0.000116
malware,1091101,49315,1851412737,80,6,60,1e-05
malware,1851412737,80,1091101,49315,6,1308,3e-06
malware,1851412737,80,1091101,49315,6,1514,0.000106
malware,1091101,49315,1851412737,80,6,60,7e-06
malware,1851412737,80,1091101,49315,6,1308,5e-06
malware,1091101,49315,1851412737,80,6,60,0.000102
malware,1851412737,80,1091101,49315,6,1411,0.000528
malware,1851412737,80,1091101,49315,6,1411,7e-06
malware,1851412737,80,1091101,49315,6,1514,0.000124
malware,1851412737,80,1091101,49315,6,1308,6e-06
malware,1091101,49315,1851412737,80,6,60,3.8e-05
malware,1851412737,80,1091101,49315,6,1514,3e-06
malware,1851412737,80,1091101,49315,6,1308,6e-06
malware,1091101,49315,1851412737,80,6,60,9.9e-05
malware,1851412737,80,1091101,49315,6,1514,0.000938
malware,1851412737,80,1091101,49315,6,1308,1e-05
malware,1851412737,80,1091101,49315,6,1514,0.000113
malware,1851412737,80,1091101,49315,6,1308,5e-06
malware,1091101,49315,1851412737,80,6,60,3e-06
malware,1851412737,80,1091101,49315,6,1514,0.000166
malware,1851412737,80,1091101,49315,6,1308,8e-06
malware,1091101,49315,1851412737,80,6,60,5.2e-05
malware,1851412737,80,1091101,49315,6,1514,4e-06
malware,1851412737,80,1091101,49315,6,1308,5e-06
malware,1851412737,80,1091101,49315,6,1411,2e-06
malware,1091101,49315,1851412737,80,6,60,2e-06
malware,1851412737,80,1091101,49315,6,1411,9.6e-05
malware,1091101,49315,1851412737,80,6,60,0.000136
malware,1091101,49315,1851412737,80,6,60,0.0002
malware,1851412737,80,1091101,49315,6,1411,0.000696
malware,1091101,49315,1851412737,80,6,60,9.7e-05
malware,1851412737,80,1091101,49315,6,1514,0.128314
malware,1851412737,80,1091101,49315,6,1308,2.1e-05
malware,1091101,49315,1851412737,80,6,60,0.000108
malware,1851412737,80,1091101,49315,6,1514,0.027343
malware,1851412737,80,1091101,49315,6,1308,2.5e-05
malware,1091101,49315,1851412737,80,6,60,0.000175
malware,1851412737,80,1091101,49315,6,1411,0.001733
malware,1851412737,80,1091101,49315,6,1514,1.1e-05
malware,1851412737,80,1091101,49315,6,1308,7e-06
malware,1851412737,80,1091101,49315,6,1514,5.7e-05
malware,1851412737,80,1091101,49315,6,1308,9e-06
malware,1851412737,80,1091101,49315,6,1514,0.000194
malware,1851412737,80,1091101,49315,6,1308,8e-06
malware,1091101,49315,1851412737,80,6,60,4e-06
malware,1851412737,80,1091101,49315,6,1514,5e-06
malware,1851412737,80,1091101,49315,6,1308,3e-06
malware,1851412737,80,1091101,49315,6,1514,5.5e-05
malware,1091101,49315,1851412737,80,6,60,0.000145
malware,1091101,49315,1851412737,80,6,60,6e-06
malware,1091101,49315,1851412737,80,6,60,0.000232
malware,1851412737,80,1091101,49315,6,1514,0.001742
malware,1851412737,80,1091101,49315,6,1308,8.3e-05
malware,1851412737,80,1091101,49315,6,1411,7e-06
malware,1851412737,80,1091101,49315,6,1411,8e-06
malware,1091101,49315,1851412737,80,6,60,7e-05
malware,1851412737,80,1091101,49315,6,1514,8e-06
malware,1851412737,80,1091101,49315,6,1514,3e-06
malware,1851412737,80,1091101,49315,6,1514,0.000207
malware,1851412737,80,1091101,49315,6,1308,6e-06
malware,1091101,49315,1851412737,80,6,60,0.000248
malware,1091101,49315,1851412737,80,6,60,0.000213
malware,1851412737,80,1091101,49315,6,1514,0.002689
malware,1851412737,80,1091101,49315,6,1308,8.2e-05
malware,1851412737,80,1091101,49315,6,1411,7e-06
malware,1851412737,80,1091101,49315,6,1411,7.1e-05
malware,1851412737,80,1091101,49315,6,1411,0.000195
malware,1091101,49315,1851412737,80,6,60,2.4e-05
malware,1851412737,80,1091101,49315,6,1411,4e-06
malware,1851412737,80,1091101,49315,6,1411,0.000204
malware,1091101,49315,1851412737,80,6,60,8e-06
malware,1851412737,80,1091101,49315,6,1514,0.000113
malware,1851412737,80,1091101,49315,6,1308,8.2e-05
malware,1091101,49315,1851412737,80,6,60,6e-06
malware,1851412737,80,1091101,49315,6,1514,6e-06
malware,1851412737,80,1091101,49315,6,1411,0.000175
malware,1091101,49315,1851412737,80,6,60,1.4e-05
malware,1851412737,80,1091101,49315,6,1411,3e-06
malware,1091101,49315,1851412737,80,6,60,0.000114
malware,1091101,49315,1851412737,80,6,60,0.00033
malware,1851412737,80,1091101,49315,6,1514,0.113427
malware,1851412737,80,1091101,49315,6,1308,2e-05
malware,1091101,49315,1851412737,80,6,60,0.000151
malware,1851412737,80,1091101,49315,6,1514,0.030847
malware,1851412737,80,1091101,49315,6,1308,2.7e-05
malware,1091101,49315,1851412737,80,6,60,0.000207
malware,1851412737,80,1091101,49315,6,1514,0.008573
malware,1851412737,80,1091101,49315,6,1308,1.9e-05
malware,1091101,49315,1851412737,80,6,60,0.000202
malware,1851412737,80,1091101,49315,6,1514,0.006305
malware,1851412737,80,1091101,49315,6,1308,6.3e-05
malware,1851412737,80,1091101,49315,6,1514,6e-06
malware,1851412737,80,1091101,49315,6,1514,7e-06
malware,1851412737,80,1091101,49315,6,1205,4e-06
malware,1851412737,80,1091101,49315,6,1411,5e-06
malware,1851412737,80,1091101,49315,6,1411,5.5e-05
malware,1851412737,80,1091101,49315,6,1411,0.000171
malware,1091101,49315,1851412737,80,6,60,0.000387
malware,1091101,49315,1851412737,80,6,60,0.000608
malware,1851412737,80,1091101,49315,6,1411,2.8e-05
malware,1851412737,80,1091101,49315,6,1411,4e-06
malware,1851412737,80,1091101,49315,6,1411,7.7e-05
malware,1091101,49315,1851412737,80,6,60,0.000112
malware,1851412737,80,1091101,49315,6,1514,9e-06
malware,1851412737,80,1091101,49315,6,1308,3e-06
malware,1851412737,80,1091101,49315,6,1514,0.000152
malware,1851412737,80,1091101,49315,6,1308,5e-06
malware,1851412737,80,1091101,49315,6,1411,5e-06
malware,1851412737,80,1091101,49315,6,1411,0.000135
malware,1091101,49315,1851412737,80,6,60,1.1e-05
malware,1851412737,80,1091101,49315,6,1411,7.3e-05
malware,1091101,49315,1851412737,80,6,60,1e-05
malware,1851412737,80,1091101,49315,6,1514,9.3e-05
malware,1851412737,80,1091101,49315,6,1308,1e-05
malware,1091101,49315,1851412737,80,6,60,4e-06
malware,1851412737,80,1091101,49315,6,1411,9.9e-05
malware,1091101,49315,1851412737,80,6,60,5e-06
malware,1091101,49315,1851412737,80,6,60,0.000119
malware,1851412737,80,1091101,49315,6,1514,5e-06
malware,1851412737,80,1091101,49315,6,1308,6e-06
malware,1091101,49315,1851412737,80,6,60,0.000234
malware,1851412737,80,1091101,49315,6,1514,0.000166
malware,1851412737,80,1091101,49315,6,1308,7e-06
malware,1851412737,80,1091101,49315,6,1411,0.000155
malware,1091101,49315,1851412737,80,6,60,6e-06
malware,1851412737,80,1091101,49315,6,1411,5e-06
malware,1091101,49315,1851412737,80,6,60,0.000101
malware,1851412737,80,1091101,49315,6,1514,8e-06
malware,1851412737,80,1091101,49315,6,1411,0.000165
malware,1851412737,80,1091101,49315,6,1411,7e-06
malware,1091101,49315,1851412737,80,6,60,6.4e-05
malware,1091101,49315,1851412737,80,6,60,0.000142
malware,1851412737,80,1091101,49315,6,1411,1e-05
malware,1091101,49315,1851412737,80,6,60,7.8e-05
malware,1851412737,80,1091101,49315,6,1411,0.099407
malware,1851412737,80,1091101,49315,6,1411,0.000225
malware,1091101,49315,1851412737,80,6,60,1.3e-05
malware,1091101,49315,1851412737,80,6,60,6.7e-05
malware,1851412737,80,1091101,49315,6,1411,0.034361
malware,1091101,49315,1851412737,80,6,60,0.000163
malware,1851412737,80,1091101,49315,6,1411,7e-06
malware,1091101,49315,1851412737,80,6,60,8.9e-05
malware,1851412737,80,1091101,49315,6,1411,0.009805
malware,1091101,49315,1851412737,80,6,60,0.000125
malware,1851412737,80,1091101,49315,6,1411,8e-06
malware,1091101,49315,1851412737,80,6,60,8.1e-05
malware,1851412737,80,1091101,49315,6,1411,0.006476
malware,1091101,49315,1851412737,80,6,60,0.000134
malware,1851412737,80,1091101,49315,6,1411,7e-06
malware,1091101,49315,1851412737,80,6,60,0.000133
malware,1851412737,80,1091101,49315,6,1411,0.000119
malware,1091101,49315,1851412737,80,6,60,0.000144
malware,1851412737,80,1091101,49315,6,1411,1.2e-05
malware,1091101,49315,1851412737,80,6,60,9.4e-05
malware,1851412737,80,1091101,49315,6,1411,8e-06
malware,1851412737,80,1091101,49315,6,1411,7.9e-05
malware,1091101,49315,1851412737,80,6,60,6.6e-05
malware,1091101,49315,1851412737,80,6,60,5.5e-05
malware,1851412737,80,1091101,49315,6,1411,0.00017
malware,1851412737,80,1091101,49315,6,1411,0.000177
malware,1091101,49315,1851412737,80,6,60,2.5e-05
malware,1851412737,80,1091101,49315,6,1411,0.000154
malware,1091101,49315,1851412737,80,6,60,1.1e-05
malware,1851412737,80,1091101,49315,6,1514,3e-06
malware,1851412737,80,1091101,49315,6,1308,3.2e-05
malware,1851412737,80,1091101,49315,6,1411,1.4e-05
malware,1851412737,80,1091101,49315,6,1411,8.8e-05
malware,1091101,49315,1851412737,80,6,60,7e-06
malware,1091101,49315,1851412737,80,6,60,0.00011
malware,1851412737,80,1091101,49315,6,1411,6e-06
malware,1091101,49315,1851412737,80,6,60,0.00012
malware,1851412737,80,1091101,49315,6,1411,0.007078
malware,1851412737,80,1091101,49315,6,1411,0.000218
malware,1091101,49315,1851412737,80,6,60,8e-06
malware,1091101,49315,1851412737,80,6,60,0.000141
malware,1851412737,80,1091101,49315,6,1411,5e-06
malware,1851412737,80,1091101,49315,6,1411,0.000201
malware,1091101,49315,1851412737,80,6,60,6.9e-05
malware,1851412737,80,1091101,49315,6,1411,1.2e-05
malware,1851412737,80,1091101,49315,6,1514,0.000126
malware,1851412737,80,1091101,49315,6,1308,1e-05
malware,1851412737,80,1091101,49315,6,1411,9.5e-05
malware,1851412737,80,1091101,49315,6,1411,0.000134
malware,1091101,49315,1851412737,80,6,60,0.000132
malware,1851412737,80,1091101,49315,6,1411,0.000441
malware,1851412737,80,1091101,49315,6,1411,0.000108
malware,1851412737,80,1091101,49315,6,1411,7e-05
malware,1851412737,80,1091101,49315,6,1411,0.000183
malware,1091101,49315,1851412737,80,6,60,1.2e-05
malware,1851412737,80,1091101,49315,6,1411,3e-06
malware,1851412737,80,1091101,49315,6,1514,0.000124
malware,1091101,49315,1851412737,80,6,60,6e-06
malware,1851412737,80,1091101,49315,6,1308,5e-06
malware,1091101,49315,1851412737,80,6,60,0.00014
malware,1851412737,80,1091101,49315,6,1514,1e-05
malware,1851412737,80,1091101,49315,6,1308,4e-06
malware,1091101,49315,1851412737,80,6,60,5.7e-05
malware,1851412737,80,1091101,49315,6,1411,0.000647
malware,1851412737,80,1091101,49315,6,1411,5.8e-05
malware,1851412737,80,1091101,49315,6,1411,3.5e-05
malware,1091101,49315,1851412737,80,6,60,0.00017
malware,1851412737,80,1091101,49315,6,1514,5e-06
malware,1851412737,80,1091101,49315,6,1308,3e-06
malware,1091101,49315,1851412737,80,6,60,9.8e-05
malware,1851412737,80,1091101,49315,6,1411,7e-06
malware,1091101,49315,1851412737,80,6,60,0.000145
malware,1851412737,80,1091101,49315,6,1411,0.086349
malware,1851412737,80,1091101,49315,6,1411,1.8e-05
malware,1091101,49315,1851412737,80,6,60,0.000141
malware,1851412737,80,1091101,49315,6,1411,0.039669
malware,1851412737,80,1091101,49315,6,1411,3e-05
malware,1091101,49315,1851412737,80,6,60,4.3e-05
malware,1851412737,80,1091101,49315,6,1514,0.003159
malware,1851412737,80,1091101,49315,6,1308,1.8e-05
malware,1091101,49315,1851412737,80,6,60,0.000144
malware,1851412737,80,1091101,49315,6,808,0.010923
malware,1091101,49315,1851412737,80,6,60,0.000191
malware,1851412737,80,1091101,49315,6,60,70.215559
malware,1091101,49315,1851412737,80,6,60,0.000108
malware,1091101,49315,1851412737,80,6,60,102.613686
malware,1851412737,80,1091101,49315,6,60,8e-06
